brand,permalink,keyword,title
test.com,https://www.reddit.com/r/whatisit/comments/1nlftiv/my_grandparents_passed_away_so_my_family_has_been/,test,"My grandparents passed away, so my family has been cleaning out their house. This dagger was found, anyone know what this is or where it came from?"
stake.com,https://www.reddit.com/r/ChumbaCasinoPt2/comments/1n9bgfb/a_big_fu_to_whoever_decided_to_sue_stake/,casino,"A big ""F.U."" to whoever decided to sue Stake"
stake.com,https://www.reddit.com/r/Stake/comments/1lo21bj/finally_hit_it/,casino,Finally hit it !!!
stake.com,https://www.reddit.com/r/slots/comments/1lbtoof/hellllllllllll_yeahhhhhhhh/,casino,Hellllllllllll Yeahhhhhhhh!!
stake.com,https://www.reddit.com/r/Stake/comments/1mvf8qj/limbo_4_million_x/,casino,Limbo 4 Million X
stake.com,https://www.reddit.com/r/CasinoFreebies/comments/1jnpxj0/stakeus_sued_for_illegal_gambling_in_ca/,casino,"Stake.us sued for ""illegal gambling"" in CA"
stake.com,https://www.reddit.com/r/Stake/comments/1je3zmp/i_need_to_wager_16k_dollars_how_can_i_do_that_any/,casino,I need to Wager 16k dollars how can i do that any strategy
stake.com,https://www.reddit.com/r/gambling/comments/1iyr92k/stakeus_no_longer_available_after_march_21st/,casino,STAKE.US no longer available after March 21st
stake.com,https://www.reddit.com/r/gambling/comments/1e7iyje/stake_1_to_800/,cassino,Stake $1 to $800
stake.com,https://www.reddit.com/r/pumpnodump/comments/1gm6m8f/exploring_the_casino_token_a_deep_dive_into_its/,cassino,Exploring the $CASINO Token: A Deep Dive into its Use Cases
stake.com,https://www.reddit.com/r/gambling/comments/17h5xid/stakeus_and_taxes/,cassino,stake.us and taxes
stake.com,https://www.reddit.com/r/Stake/comments/1f1erdr/casino268128846326/,cassino,casino:268128846326
stake.com,https://www.reddit.com/r/NintendoSwitch/comments/1khwm97/you_can_check_on_nintendos_site_to_see_if_youve/,cassino,You can check on Nintendo's site to see if you've been picked to order a preorder
stake.com,https://www.reddit.com/r/CryptoCurrency/comments/169tqfp/crypto_gambling_website_stake_hacked_for_16/,cassino,Crypto gambling website Stake hacked for $16 million. They have now disabled deposits and withdrawals.
stake.com,https://www.reddit.com/r/WCasinoInsights/comments/1mzk21l/exvip_manager_at_stakeus_here_unpaid_for_2_months/,slots,"Ex-VIP manager at Stake.us here. Unpaid for 2 months, conditions were awful. AMA."
stake.com,https://www.reddit.com/r/stakeus/comments/1ln0mmr/finally_got_a_slots_win/,slots,Finally got a slots win
stake.com,https://www.reddit.com/r/stakeus/comments/1kjswo4/i_tried_slots_out/,slots,I tried slots out.
stake.com,https://www.reddit.com/r/stakeus/comments/1lvjd88/slots_are_juiced/,slots,Slots are juiced üé∞
stake.com,https://www.reddit.com/r/Stake/comments/1l79gr2/weird_slot_hit_from_yesterday/,slots,Weird slot hit from yesterday.
stake.com,https://www.reddit.com/r/problemgambling/comments/1hwbuem/stake_is_rigged_i_finally_learned_after_1_year/,slots,Stake is rigged I finally learned after 1 year.
stake.com,https://www.reddit.com/r/betonline_ag/comments/1knpwzf/15min_of_slots/,slots,15min of slots!!!
stake.com,https://www.reddit.com/r/iGamingBonusSeekers/comments/1labkiy/stake_withdrawal_stuck_for_48_hours/,tragamonedas,Stake withdrawal stuck for 48+ hours
stake.com,https://www.reddit.com/r/gambling/comments/1fk83tu/stakeus_cheats_video_proof/,tragamonedas,Stake.us cheats! Video proof
stake.com,https://www.reddit.com/r/PaymoneyWubby/comments/1jumplo/stakeus_hit_with_new_lawsuit_in_illinois_over/,tragamonedas,Stake.us hit with new lawsuit in Illinois over alleged illegal gambling
stake.com,https://www.reddit.com/r/FreeStakeAccounts/comments/1iqbd9k/stakecom_account_available/,tragamonedas,Stake.com Account Available
stake.com,https://www.reddit.com/r/Stake/comments/1hg682h/is_this_legit_or_scam/,tragamonedas,Is this legit or scam ?
stake.com,https://www.reddit.com/r/poker/comments/1gg00zf/insane_rake_increase_on_stakeus/,tragamonedas,Insane rake increase on stake.us
stake.com,https://www.reddit.com/r/stakeus/comments/14qwpxy/for_those_who_says_stakeus_is_a_scam/,tragamonedas,For those who says stake.us is a scam
stake.com,https://www.reddit.com/r/zebec/comments/1iy89mg/staking_zbcn_on_stakezebecio/,ca√ßa-n√≠queis,Staking ZBCN on stake.zebec.io
stake.com,https://www.reddit.com/r/commercialisti/comments/1hs934i/bel_guaio_con_crypto_conto_estero_e_gioco_dazzardo/,ca√ßa-n√≠queis,"Bel guaio con crypto, conto estero e gioco d‚Äôazzardo"
stake.com,https://www.reddit.com/r/XCN/comments/1ir82g4/where_is_the_best_place_to_stake/,ca√ßa-n√≠queis,Where is the best place to stake?
stake.com,https://www.reddit.com/r/gambling/comments/1c03evv/is_stake_a_scam/,ca√ßa-n√≠queis,Is stake a scam
stake.com,https://www.reddit.com/r/XCN/comments/1j69u8t/proof_of_stake/,ca√ßa-n√≠queis,Proof of stake
stake.com,https://www.reddit.com/r/criptomoedas/comments/1gutcwa/stake_fora_da_corretora/,ca√ßa-n√≠queis,STAKE fora da Corretora
stake.com,https://www.reddit.com/r/onlinegambling/comments/mzf38a/is_stakecom_legit/,ca√ßa-n√≠queis,Is stake.com legit ?
stake.com,https://www.reddit.com/r/personalfinanceindia/comments/1hrbxk8/so_i_tried_stake_gambling_app_on_new_year_and/,slotlar,So I  tried stake (gambling app) on New year and learnt something!
stake.com,https://www.reddit.com/r/CasinoFreebies/comments/1jyk0pn/alas_stakeus_monthly/,slotlar,Alas STAKE.US Monthly!
stake.com,https://www.reddit.com/r/stakeus/comments/1f1pfwn/stakestats/,slotlar,Stakestats
stake.com,https://www.reddit.com/r/stakeus/comments/1kqy71x/blackjack_on_stake/,blackjack,Blackjack on stake
stake.com,https://www.reddit.com/r/stakeus/comments/1jerb5q/went_on_a_13_game_win_streak_in_blackjack/,blackjack,Went on a 13 game win streak in blackjack
stake.com,https://www.reddit.com/r/Stake/comments/1kmkjjf/good_day_of_blackjack/,blackjack,Good day of blackjack
stake.com,https://www.reddit.com/r/Stake/comments/1iwu5i8/when_blackjack_gods_are_with_you/,blackjack,When blackjack gods are with you
stake.com,https://www.reddit.com/r/gambling/comments/1ien09t/so_i_played_some_blackjack_today/,blackjack,so i played some blackjack today
stake.com,https://www.reddit.com/r/stakeus/comments/1hsgt8p/1_win_in_17_hands_of_blackjack/,blackjack,1 win in 17 hands of blackjack
stake.com,https://www.reddit.com/r/gambling/comments/1dq6pnq/is_live_blackjack_a_scam_on_stakecom/,blackjack,"is ""live blackjack"" a scam on Stake.com?"
stake.com,https://www.reddit.com/r/gambling/comments/1guimew/stake_win_1_to_500/,veintiuna,Stake win! $1 to $500
stake.com,https://www.reddit.com/r/CasinoFreebies/comments/1iyl9p3/stakeus_leaving_5_states_march_21st/,veintiuna,Stake.us Leaving 5 states March 21st.
stake.com,https://www.reddit.com/r/CreditCards/comments/1l2dcmt/venture_x_ending_free_lounge_access_for_guests/,veintiuna,Venture X ending free lounge access for guests and authorized users
stake.com,https://www.reddit.com/r/Stake/comments/1fetqvo/wen/,veintiuna,Wen
stake.com,https://www.reddit.com/r/stakeus/comments/1es7aww/wen/,veintiuna,wen
stake.com,https://www.reddit.com/r/gambling/comments/152lana/stakecom_registration/,veintiuna,Stake.com registration
stake.com,https://www.reddit.com/r/Etsy/comments/1bwom3v/esty_ask_me_13_for_open_a_shop/,vinte-e-um,Esty ask me 13‚Ç¨ for open a shop
stake.com,https://www.reddit.com/r/csMajors/comments/1i7v7hg/my_teams_intern_just_found_a_critical_bug_by/,vinte-e-um,My team's intern just found a critical bug by shitposting in our codebase
stake.com,https://www.reddit.com/r/nederlands/comments/110cq0g/gokken_jullie_wel_eens_en_wat_heb_je_gewonnen/,vinte-e-um,Gokken jullie wel eens en wat heb je gewonnen / verloren?
stake.com,https://www.reddit.com/r/germany/comments/1ff0dhc/why_does_sparkasse_use_icons_instead_of_numbers/,vinte-e-um,Why does Sparkasse use icons instead of numbers to indicate the queue order? Doesn't seem very convenient.
stake.com,https://www.reddit.com/r/persoonlijkebonus/comments/18mpqtp/geen_toegang_meer_naar_de_bonus_box_en_alle/,vinte-e-um,Geen toegang meer naar de bonus box en alle koopzegels zijn weg
stake.com,https://www.reddit.com/r/Superstonk/comments/s61n9x/dutch_euroape_here_1_scout_share_arrived_and_is/,vinte-e-um,DUTCH EUROAPE HERE: 1 SCOUT SHARE ARRIVED AND IS NOW OUT OF THE NYSE / FRAUDULENT CASINO. THE REST XX WILL FOLLOW VERY SOON. LFG!!! DRS IS VERY EASY SO DO IT NOW! LOCK THE FLOAT!!!
stake.com,https://www.reddit.com/r/pcgaming/comments/1ll5emp/steam_summer_sale_2025_begins_today/,vinte-e-um,Steam Summer Sale 2025 begins today
stake.com,https://www.reddit.com/r/Stake/comments/1lab0a6/turned_1_i_won_in_poker_into_1000_by_grinding/,roulette,Turned $1 I won in poker into $1000 by grinding roullette.
stake.com,https://www.reddit.com/r/stakeus/comments/1l5wat5/last_night_first_time_playing_roulette/,roulette,Last night first time playing roulette
stake.com,https://www.reddit.com/r/gambling/comments/1eadt77/is_there_a_name_for_this_roulette_strategy45_on/,roulette,Is there a name for this roulette strategy?$45 on 2nd dozen.
stake.com,https://www.reddit.com/r/gtaonline/comments/1lb4a3o/when_playing_high_stakes_roulette_i_can_only_bet/,roulette,"When playing High Stakes Roulette, I can only bet 5000 max, while my GF can bet 10K, why is that ?"
stake.com,https://www.reddit.com/r/BoredCasinoDealers/comments/1i715pp/how_to_get_better_at_roulette_payouts/,roulette,How to get better at roulette payouts?
stake.com,https://www.reddit.com/r/gambling/comments/1i0jg05/insane_roulette_run/,roulette,Insane roulette run
stake.com,https://www.reddit.com/r/gambling/comments/1d2oz9l/stakeus_auto_bet_scam/,roulette,Stake.us Auto bet Scam
stake.com,https://www.reddit.com/r/FreeCash/comments/1lfer8b/withdrawed_to_stakeus_and_made_a_few_bucks/,ruleta,withdrawed to stake.us and made a few bucks
stake.com,https://www.reddit.com/r/Stake/comments/1jnxjhe/whats_this_and_why_does_this_happen/,ruleta,What's this and why does this happen?
stake.com,https://www.reddit.com/r/Stake/comments/1k4e177/hey_stake_how_about_you_post_this_on_your_twitter/,ruleta,"Hey Stake, how about you post this on your twitter account to show the public how stake original games are not rigged"
stake.com,https://www.reddit.com/r/Stake/comments/1dgzqmy/is_this_even_legal/,ruleta,Is this even legal?
stake.com,https://www.reddit.com/r/Stake/comments/1h5veaa/my_final_month_on_stakecom_has_been_great_so_far/,ruleta,"My final month on Stake.com has been great so far, end of an era I fear....."
stake.com,https://www.reddit.com/r/Stake/comments/1l0jvtl/help/,roleta,Help!
stake.com,https://www.reddit.com/r/Iota/comments/1koorbp/stake_iotas_earned_by_staking/,roleta,Stake iotas earned by staking
stake.com,https://www.reddit.com/r/Stake/comments/1iofi4e/what_is_this/,roleta,What is this?
stake.com,https://www.reddit.com/r/Revolut/comments/1iixdq3/staking_reward_dot/,roleta,Staking reward $DOT
stake.com,https://www.reddit.com/r/Stake/comments/1fs2d6a/roll_tide/,roleta,ROLL TIDE üí¥
stake.com,https://www.reddit.com/r/Stake/comments/1dem49y/was_down_700_to_get_this_sometimes_feels_like/,roleta,"Was down 700$ to get this, sometimes feels like roulette!"
stake.com,https://www.reddit.com/r/Referral/comments/1n514hd/paying_55_to_everyone_who_creates_a_stake_us/,rulet,Paying $55 to everyone who creates a stake us account for me.
stake.com,https://www.reddit.com/r/pokerlistings/comments/1mwjkti/whats_new_on_stake_poker_the_rundown/,poker,What‚Äôs New on Stake Poker? The Rundown
stake.com,https://www.reddit.com/r/poker/comments/1k8hzif/stake_poker_ban_for_winning/,poker,Stake Poker Ban for Winning
stake.com,https://www.reddit.com/r/stakeus/comments/1loznt7/stake_poker_updates/,poker,Stake Poker Updates!
stake.com,https://www.reddit.com/r/gambling/comments/1ijbpo7/stake_is_a_scam/,poker,Stake is a scam
stake.com,https://www.reddit.com/r/poker/comments/1kryc40/stakeus_software_glitch_or_cheating/,poker,Stakeus software glitch or cheating?
stake.com,https://www.reddit.com/r/poker/comments/1idx16y/stakeus_poker_is_rigged/,poker,Stake.us poker is rigged
stake.com,https://www.reddit.com/r/CasinoFreebies/comments/1laivax/stakeus_1000x_plinko_win_at_1/,p√≥ker,Stake.us 1000x Plinko win at $1
stake.com,https://www.reddit.com/r/poker/comments/1hzlyzo/can_anyone_tell_me_about_stakeus/,p√≥ker,Can anyone tell me about Stake.us ?
stake.com,https://www.reddit.com/r/gambling/comments/1g1s9gk/reminder_stake_is_rigged/,p√≥ker,Reminder: stake is rigged
stake.com,https://www.reddit.com/r/gambling/comments/1jk33vp/stay_away_from_live_casino/,live casino,Stay away from live casino.
stake.com,https://www.reddit.com/r/poker/comments/1kkf5r8/live_cash_game_stakes_climb/,live casino,Live cash game stakes climb
stake.com,https://www.reddit.com/r/gambling/comments/1l61he6/nice_little_streak_going/,live casino,Nice little streak going
stake.com,https://www.reddit.com/r/Referrallinks/comments/1krqvur/61_social_casinos/,live casino,$61 + (social casinos)
stake.com,https://www.reddit.com/r/Cordoba/comments/1mxc05a/casinos_online/,casino en vivo,Casinos Online
stake.com,https://www.reddit.com/r/empleos_AR/comments/1jzuldb/trabajo_casino_virtual/,casino en vivo,Trabajo casino virtual
stake.com,https://www.reddit.com/r/chile/comments/1jzut0h/qu√©_opinan_de_la_publicidad_de_casinos_online/,casino en vivo,Qu√© opinan de la publicidad de casinos online?
stake.com,https://www.reddit.com/r/sweden/comments/1imus0u/son_som_b√∂rjat_spela_p√•_online_casinos/,casino en vivo,Son som b√∂rjat spela p√• online Casinos
stake.com,https://www.reddit.com/r/VivimosEnUnaSociedad/comments/1hmebco/perd√≠_600_d√≥lares_en_el_casino_necesito_ayuda/,casino en vivo,Perd√≠ 600 d√≥lares en el casino necesito ayuda
stake.com,https://www.reddit.com/r/vegas/comments/1h3jdfx/where_can_i_watch_high_stakes_gambling_any/,casino en vivo,"Where can I watch high stakes gambling, any particular casinos people recommend ?"
stake.com,https://www.reddit.com/r/vzla/comments/1g070nn/alguno_de_venezuela_que_viva_o_conozca_alguien/,casino en vivo,Alguno de venezuela que viva o conozca alguien que viva del poker online
stake.com,https://www.reddit.com/r/literaciafinanceira/comments/1k5kygz/declarar_ganhos_com_poker/,cassino ao vivo,Declarar ganhos com Poker
stake.com,https://www.reddit.com/r/MexicoFinanciero/comments/1gsre0h/retiro_en_efectivo_casinos_deportivos/,cassino ao vivo,Retiro en efectivo casinos deportivos
stake.com,https://www.reddit.com/r/portugal/comments/1n0mzou/casinos_ilegais_com_roleta_russa_em_pt/,cassino ao vivo,Casinos ilegais com roleta russa em PT
stake.com,https://www.reddit.com/r/iasi/comments/1n3uupa/un_ie»ôean_a_c√¢»ôtigat_95000_de_dolari_la_un_joc_de/,cassino ao vivo,"Un ie»ôean a c√¢»ôtigat 95.000 de dolari la un joc de poker online, dar s-a ales cu doar 5% din sumƒÉ. Oficiul pentru Jocuri de Noroc »ôi platforma PokerStars, chemate la barƒÉ - Stiri Iasi, anchete, investigatii, interviuri si satira politica"
stake.com,https://www.reddit.com/r/bulgaria/comments/1k3mrxa/—Å–º–µ—Ç–∫–∞_–∑–∞_—Ç–æ–∫/,cassino ao vivo,—Å–º–µ—Ç–∫–∞ –∑–∞ —Ç–æ–∫
stake.com,https://www.reddit.com/r/vlandiya/comments/1kz0i3d/canlƒ±_casinoda_dealer_olarak_√ßalƒ±≈üƒ±yorum/,canlƒ± casino,Canlƒ± casinoda dealer olarak √ßalƒ±≈üƒ±yorum sorularƒ±nƒ±zƒ± alayƒ±m
stake.com,https://www.reddit.com/r/DKbrevkasse/comments/1jr7tx8/casinogambling_reklamer/,canlƒ± casino,Casino/gambling reklamer
stake.com,https://www.reddit.com/r/topmithrandir/comments/1n2adag/casino_ohne_oasis/,canlƒ± casino,Casino ohne OASIS
stake.com,https://www.reddit.com/r/thecryptoshots/comments/1nf9d5e/casino_ohne_sperrdatei/,canlƒ± casino,Casino ohne Sperrdatei
stake.com,https://www.reddit.com/r/Yatirim/comments/1d6dckb/stake/,canlƒ± casino,Stake
stake.com,https://www.reddit.com/r/vlandiya/comments/1f09ttp/10_yildir_kibrista_casinoculuk_yapiyorum/,canlƒ± casino,"10 yildir kibrista casinoculuk yapiyorum, sorularinizi alayim"
stake.com,https://www.reddit.com/r/Bitburner/comments/1fc2fwq/casinojs/,canlƒ± casino,Casino.js
bovada.lv,https://www.reddit.com/r/Bovada/comments/1ngvuem/not_understanding/,casino,Not understanding
bovada.lv,https://www.reddit.com/r/Bovada/comments/1ng9m9j/big_win/,casino,Big win!
bovada.lv,https://www.reddit.com/r/Bovada/comments/1najsnd/after_nearly_800_worth_of_spins/,casino,After nearly $800 worth of spins...
bovada.lv,https://www.reddit.com/r/Bovada/comments/1n18k95/sports_casino_win/,casino,Sports + casino win
bovada.lv,https://www.reddit.com/r/Bovada/comments/1kwj7ew/warning_bovada_still_hasnt_paid_my_legit_900_win/,casino,Warning: Bovada Still Hasn‚Äôt Paid My Legit $900 Win from Blackjack VIP 1
bovada.lv,https://www.reddit.com/r/Bovada/comments/1ml03us/moving/,casino,Moving $
bovada.lv,https://www.reddit.com/r/Bovada/comments/1nbjjqv/got_a_great_soccer_parlay_on_20_tonight_and/,casino,Got a great soccer parlay on 20$ tonight and cashed out 4k
bovada.lv,https://www.reddit.com/r/PunchmadeMethods/comments/1n96091/who_selling_bovada_accounts_or_slots_lv_lmk/,cassino,Who selling bovada accounts or slots lv lmk
bovada.lv,https://www.reddit.com/r/OlogiesPodcast/comments/1kn7315/alternatives_to_bovada/,cassino,Alternatives to Bovada
bovada.lv,https://www.reddit.com/r/satoshibet/comments/1f1pbyg/best_bovada_alternatives_you_enjoy_most_us/,cassino,Best Bovada alternatives you enjoy most? US recommendations?
bovada.lv,https://www.reddit.com/r/gambling/comments/ygp02d/bovada_is_a_scam/,cassino,Bovada is a Scam!
bovada.lv,https://www.reddit.com/r/gambling/comments/ujnmj4/you_guys_made_me_try_this_bovada_site_only_added/,cassino,"You guys made me try this Bovada site , only added $100 on the site"
bovada.lv,https://www.reddit.com/r/gambling/comments/160lm56/good_thing_i_didnt_bet_anything_big_got_scammed/,cassino,Good thing I didn‚Äôt bet anything big got scammed by Bovada once again lol read the description
bovada.lv,https://www.reddit.com/r/sportsbook/comments/ilx10j/bovada_new_account_deposit_fraud_or_legit/,cassino,Bovada new account deposit fraud or legit?
bovada.lv,https://www.reddit.com/r/Bovada/comments/1i4mbnc/50_jackpot_sit_go_for_7500/,slots,"$50 Jackpot Sit & Go for $7,500!!!"
bovada.lv,https://www.reddit.com/r/Bovada/comments/1iylr9r/bovada_slots_lv_have_been_sucking_the_fucking/,slots,Bovada slots lv have been sucking the fucking life outta gambling I get that you can‚Äôt always win but not winning a fucking single dime since Nov of last year is crazy
bovada.lv,https://www.reddit.com/r/Bovada/comments/1eazzgl/slotslv_has_been_nice_lately/,slots,Slots.lv has been nice lately
bovada.lv,https://www.reddit.com/r/Bovada/comments/1fxdbip/slots/,slots,SLOTS
bovada.lv,https://www.reddit.com/r/Bovada/comments/1hcbrig/slots/,slots,Slots.
bovada.lv,https://www.reddit.com/r/Bovada/comments/1fiu5cf/are_bovada_slots_goated/,slots,Are Bovada slots goated?
bovada.lv,https://www.reddit.com/r/Bovada/comments/1hp3ki6/site_is_trash/,tragamonedas,Site is trash
bovada.lv,https://www.reddit.com/r/Bogota/comments/1k8uf39/ventanas_antiruido_en_bogot√°/,tragamonedas,Ventanas Antiruido en Bogot√°
bovada.lv,https://www.reddit.com/r/lesserafim/comments/1lj2o4p/vip_package_information_on_axs_las_vegas/,tragamonedas,VIP Package Information on AXS (Las Vegas)
bovada.lv,https://www.reddit.com/r/Bovada/comments/wfsjgb/i_cannot_believe_thisi_have_been_on_bovada_for/,tragamonedas,I CANNOT BELIEVE THIS....I HAVE BEEN ON BOVADA FOR YEARS AND I HAVE NEVER HIT THIS BIG OF AN AMOUNT.
bovada.lv,https://www.reddit.com/r/NecesitoDesahogarme/comments/1mzcvbw/que_gran_golpe_de_realidad_de_vdd/,tragamonedas,que gran golpe de realidad de vdd...
bovada.lv,https://www.reddit.com/r/AskArgentina/comments/1knssm7/por_que_cerr√≥_voxed/,tragamonedas,¬øPor que cerr√≥ Voxed?
bovada.lv,https://www.reddit.com/r/viagens/comments/1k9vub7/pacotes_cvc_funcionam/,ca√ßa-n√≠queis,Pacotes CVC funcionam?
bovada.lv,https://www.reddit.com/r/literaciafinanceira/comments/1lxuyhg/como_se_est√£o_a_preparar_para_a_velhice/,ca√ßa-n√≠queis,Como se est√£o a preparar para a velhice?
bovada.lv,https://www.reddit.com/r/brasil/comments/1lnpzxe/vaquinha_para_her√≥i_do_resgate_rende_r_100_mil_√†/,ca√ßa-n√≠queis,Vaquinha para her√≥i do resgate rende R$ 100 mil √† pr√≥pria plataforma
bovada.lv,https://www.reddit.com/r/CasualPT/comments/1i0i1lk/voos_baratos/,ca√ßa-n√≠queis,Voos baratos
bovada.lv,https://www.reddit.com/r/Rosario/comments/1l4u1mm/bolsa_vacio/,ca√ßa-n√≠queis,Bolsa vacio
bovada.lv,https://www.reddit.com/r/mexico/comments/1fkx3zh/me_compr√©_un_vocho/,ca√ßa-n√≠queis,Me compr√© un vocho
bovada.lv,https://www.reddit.com/r/farialimabets/comments/1l3p4b3/vou_abrir_um_boteco_e_essa_ser√°_a_primeira/,ca√ßa-n√≠queis,Vou abrir um boteco e essa ser√° a primeira promo√ß√£o
bovada.lv,https://www.reddit.com/r/Bovada/comments/1ch3npm/and_stil_i_gave_it_all_back/,slotlar,and stil I gave it all back
bovada.lv,https://www.reddit.com/r/onlinegambling/comments/1dcs193/online_casinos_like_bovada_and_slotslv_that_pay/,slotlar,"Online casinos like Bovada and slotslv that pay out same day? Who is the best right now? I‚Äôm sick of the decline at Bovada and its sister sites, looking to move to a different credible site with the same kind of easy withdrawals."
bovada.lv,https://www.reddit.com/r/Crypto_Affiliates/comments/1n1f2z6/bovada_poker_thoughts_reviews/,blackjack,Bovada poker thoughts? Reviews?
bovada.lv,https://www.reddit.com/r/Bovada/comments/1f3v2zp/blackjack/,blackjack,Blackjack.
bovada.lv,https://www.reddit.com/r/Bovada/comments/1g89xhy/blackjack_session/,blackjack,Blackjack session
bovada.lv,https://www.reddit.com/r/Bovada/comments/1ebehbo/bovada_blackjack_is_ridiculous_right_now/,blackjack,Bovada Blackjack is Ridiculous Right Now
bovada.lv,https://www.reddit.com/r/Bovada/comments/1emzca9/quick_little_hour_run_up_on_blackjack/,blackjack,Quick little Hour run up on Blackjack.
bovada.lv,https://www.reddit.com/r/Bovada/comments/1ixoh90/any_other_bvx_members_out_there/,veintiuna,Any other BVX members out there?
bovada.lv,https://www.reddit.com/r/XS650/comments/1ijv4o8/bovada_alternatives/,veintiuna,Bovada Alternatives
bovada.lv,https://www.reddit.com/r/Bovada/comments/10bytb7/booom/,veintiuna,BOOOM!
bovada.lv,https://www.reddit.com/r/XS650/comments/1isdnny/sites_similar_to_bovada/,veintiuna,Sites similar to Bovada
bovada.lv,https://www.reddit.com/r/vinted_france/comments/1kubmce/je_me_suis_fait_arnaqu√©_par_vtools_50_partis_dans/,vinte-e-um,"Je me suis fait arnaqu√© par VTOOLS : 50 ‚Ç¨ partis dans le vide, et je ne suis s√ªrement pas le seul"
bovada.lv,https://www.reddit.com/r/vinted/comments/1lckacf/offering_50_for_5_item_is_this_a_scam/,vinte-e-um,Offering 50 ‚Ç¨ for 5‚Ç¨ item. Is this a scam ??
bovada.lv,https://www.reddit.com/r/LegaladviceGerman/comments/1neixhs/vinted_entscheidet_gegen_mich_trotz_beweisen/,vinte-e-um,Vinted entscheidet GEGEN mich trotz Beweisen ‚Äì K√§ufer beh√§lt 3.100‚Ç¨ LV-Tasche UND bekommt Geld zur√ºck!
bovada.lv,https://www.reddit.com/r/roFrugal/comments/1muxusn/bilet_cƒÉtre_free_money_vinted/,vinte-e-um,Bilet cƒÉtre free money - Vinted
bovada.lv,https://www.reddit.com/r/zurich/comments/1n7jnyi/volks_initiative_vbz_abo_for_365_franken/,vinte-e-um,Volks Initiative - VBZ Abo for 365 Franken
bovada.lv,https://www.reddit.com/r/marktplaatsoplichters/comments/1m3ygh9/vage_scam_met_emoticon/,vinte-e-um,Vage scam met emoticon
bovada.lv,https://www.reddit.com/r/belgium/comments/1n7ek4t/oplichterij_geldoverschrijving_vervolg/,vinte-e-um,Oplichterij Geldoverschrijving - VERVOLG
bovada.lv,https://www.reddit.com/r/vegas/comments/1n1n91a/with_the_quadruple_zero_roulette_tables_popping/,roulette,"With the quadruple zero roulette tables popping up, I feel like this is the future"
bovada.lv,https://www.reddit.com/r/VaLottery/comments/1lb89i4/1_spins/,roulette,$1 spins
bovada.lv,https://www.reddit.com/r/Bovada/comments/1hbxv3s/flash_roulette_is_fun/,roulette,Flash roulette is fun
bovada.lv,https://www.reddit.com/r/vegas/comments/1gpmi0f/roulette_for_10/,roulette,Roulette for $10?
bovada.lv,https://www.reddit.com/r/VaLottery/comments/1jx22zt/anyone_get_50_deposit_for_30_spins/,roulette,Anyone get $50 deposit for 30 spins?
bovada.lv,https://www.reddit.com/r/Bovada/comments/1ki15qg/_/,ruleta,üí∏üí∏üí∏üí∏
bovada.lv,https://www.reddit.com/r/Bovada/comments/1it8yqq/good_morning_reels_and_wheels/,ruleta,Good morning! Reels and wheels! üòÇ
bovada.lv,https://www.reddit.com/r/Bovada/comments/1hqo6d4/mannn_here_we_go_with_bs_again_smh_get_your_damn/,ruleta,Mannn here we go with bs again smh get your damn site together bovada
bovada.lv,https://www.reddit.com/r/Bovada/comments/17mn858/_/,roleta,:)
bovada.lv,https://www.reddit.com/r/vegas/comments/1l6z6hi/bellagio_shooting_all_known_updates_post_here/,roleta,BELLAGIO SHOOTING - ALL KNOWN UPDATES POST HERE
bovada.lv,https://www.reddit.com/r/Bovada/comments/1jqj2vo/50_to_4k/,rulet,$50 to $4k
bovada.lv,https://www.reddit.com/r/Bovada/comments/1jdw91k/welllll_thats_a_new_one/,rulet,"Welllll, that‚Äôs a new one?"
bovada.lv,https://www.reddit.com/r/Bovada/comments/1k99kh8/my_buddy_hit_this_at_300_am_in_the_morning_we/,poker,My buddy hit this at 3:00 am in the morning... We just got out of a poker tourney in which he placed 3rd. Unreal night.
bovada.lv,https://www.reddit.com/r/Bovada/comments/1kkw9cf/bovada_customer_service_hasnt_helped/,poker,Bovada Customer Service Hasn't Helped
bovada.lv,https://www.reddit.com/r/Bovada/comments/1hcjtuu/poker_jackpot_sit_and_go/,poker,Poker jackpot sit and go
bovada.lv,https://www.reddit.com/r/poker/comments/1d8c47k/bovada_craziest_thing_ive_ever_seen/,poker,Bovada. Craziest thing I've ever seen
bovada.lv,https://www.reddit.com/r/Bovada/comments/1kkak0q/error_message_trying_to_sign_in/,poker,Error message trying to sign in
bovada.lv,https://www.reddit.com/r/poker/comments/13p5p1x/is_bovada_a_scam_anyone_grinded_over_200k_hands/,p√≥ker,Is bovada a scam? Anyone grinded over 200k hands?
bovada.lv,https://www.reddit.com/r/poker/comments/2uhk5m/signing_up_for_bovada_anyone_care_for_a_referral/,p√≥ker,"Signing up for Bovada, anyone care for a referral bonus?"
bovada.lv,https://www.reddit.com/r/Tibetanmastiff/comments/1isdblx/sites_like_bovada/,p√¥quer,Sites like bovada
bovada.lv,https://www.reddit.com/r/blackjack/comments/11ues9i/blackjack_on_bovada_isnt_legit/,live casino,Blackjack on Bovada isn‚Äôt legit
bovada.lv,https://www.reddit.com/r/WiseCryptoGambler/comments/1hxdyz0/bovada_casino_app_worth_trying_does_it_really/,casino en vivo,Bovada casino app. Worth trying? Does it really have a mobile application?
bovada.lv,https://www.reddit.com/r/ArgentinaBenderStyle/comments/1hvyzqb/a_m√≠_criterio_las_publicidades_de_casinos_tanto/,casino en vivo,"A m√≠ criterio las publicidades de casinos tanto f√≠sicos como online deber√≠an estar prohibidas, al menos en televisi√≥n"
bovada.lv,https://www.reddit.com/r/Cordoba/comments/1equ7ku/c√≥mo_dejo_el_casino_online/,casino en vivo,C√≥mo dejo el casino online?
bovada.lv,https://www.reddit.com/r/AskArgentina/comments/14wbged/vale_la_pena_ser_cajero_de_casino_virtual_corro/,casino en vivo,Vale la pena ser cajero de casino virtual? corro riesgos?
bovada.lv,https://www.reddit.com/r/InternetBrasil/comments/1mrcqki/esperava_um_conselho_de_vida_profundo_recebi_um/,cassino ao vivo,Esperava um conselho de vida profundo recebi um an√∫ncio de cassino em vez disso
bovada.lv,https://www.reddit.com/r/farialimabets/comments/1chydqn/perdi_todo_meu_dinheiro_no_cassino_online_mas/,cassino ao vivo,Perdi todo meu dinheiro no cassino on-line mas ainda tenho uma √∫ltima esperan√ßa
bovada.lv,https://www.reddit.com/r/vasco/comments/1i7k7y1/isso_√©_confiavel/,cassino ao vivo,Isso √© confiavel?
bovada.lv,https://www.reddit.com/r/vasco/comments/1neo127/escala√ß√£o_do_vasco_para_o_confronto_contra_o/,cassino ao vivo,ESCALA√á√ÉO DO VASCO PARA O CONFRONTO CONTRA O BOTAFOGO.
bovada.lv,https://www.reddit.com/r/golpe/comments/1hs45xu/o_golpe_do_curso_nunca_vai_morrer_infelizmente/,cassino ao vivo,"O golpe do curso nunca vai morrer, infelizmente. Nem pro infeliz falar NICO LET'S GO BOWLING."
bovada.lv,https://www.reddit.com/r/poker/comments/1l1egi4/bovada_bink_from_6_satellite_into_5540k/,canlƒ± casino,Bovada bink from $6 satellite into $55/40k
bovada.lv,https://www.reddit.com/r/sinema/comments/1l6nexu/≈üimdi_izledim_ve_sizinle_de_payla≈ümak_istedim/,canlƒ± casino,"≈ûimdi izledim ve sizinle de payla≈ümak istedim. ƒ∞zlerken, Goodfellas ve Casino filmlerini ilk kez izlediƒüimde ya≈üadƒ±ƒüƒ±m heyecanƒ± resmen tekrar ya≈üadƒ±m."
bovada.lv,https://www.reddit.com/r/sinema/comments/1mqxy08/sizce_en_iyi_mafya_filmi_hangisi_benim_favorim/,canlƒ± casino,Sizce en iyi mafya filmi hangisi benim favorim casino
betway.com,https://www.reddit.com/r/Biloxi/comments/1m6ih22/any_sketchy_casinos_to_avoid/,casino,Any sketchy casinos to avoid?
betway.com,https://www.reddit.com/r/gambling/comments/1iqmkog/scam_casino/,casino,Scam casino?
betway.com,https://www.reddit.com/r/onlinegambling/comments/1gw46mg/this_cant_be_legit/,casino,This can‚Äôt be legit??
betway.com,https://www.reddit.com/r/gambling/comments/1dh7wd0/please_tell_me_this_is_legit/,casino,Please tell me this is legit
betway.com,https://www.reddit.com/r/atlanticcity/comments/1i9ugw9/walkways_connection_casinos/,casino,Walkways connection casinos?
betway.com,https://www.reddit.com/r/gambling/comments/1eb7a9c/deposited_200_and_started_with_2_spins_this_is_an/,casino,Deposited $200 and started with $2 spins. This is an okay way to hit the grand equivalent. Betrivers
betway.com,https://www.reddit.com/r/betrivers/comments/1b6gnyh/its_not_a_scam/,casino,Its not a scam
betway.com,https://www.reddit.com/r/yotta/comments/1mnb12z/american_banker_cfpb_to_hold_synapse_responsible/,cassino,American Banker - CFPB to hold Synapse responsible for missing customer funds
stake.com,https://www.reddit.com/r/Mafia/comments/1iy7frp/mobconnected_chicago_businessman_indicted_on_tax/,cassino,"Mob-connected, Chicago businessman indicted on tax charges alleging hidden interest in sweepstakes gaming"
betway.com,https://www.reddit.com/r/askSouthAfrica/comments/1b7csx1/has_anyone_else_ran_into_this_scam_promise_of/,cassino,Has anyone else ran into this scam (promise of money to go to a second location)
betway.com,https://www.reddit.com/r/yamahanobattery/comments/1iel4mw/i_just_opened_a_dispute_on_chase_for_my_yamaha/,cassino,I just opened a dispute on Chase for my Yamaha purchase Oct 19th
betway.com,https://www.reddit.com/r/Chromecast/comments/1j7c352/chromecast_is_untrusted/,cassino,Chromecast is untrusted
betway.com,https://www.reddit.com/r/DownSouth/comments/1g7ufz0/takealot_is_trying_to_scam_me_what_can_i_do/,cassino,"Takealot is trying to scam me, what can I do?"
betway.com,https://www.reddit.com/r/Crypto_Affiliates/comments/1mtgu74/best_slots_on_betway/,slots,Best slots on Betway?
betway.com,https://www.reddit.com/r/gambling/comments/1hfmhbr/i_actually_just_won_500_on_betway_prize_wheel/,slots,I actually just won ¬£500 on Betway Prize Wheel
betway.com,https://www.reddit.com/r/gambling/comments/1b4ekwv/online_slots_truth_guide/,slots,Online Slots Truth & Guide
betway.com,https://www.reddit.com/r/sportsbook/comments/vdzgne/betway_location_check/,slots,Betway Location Check
betway.com,https://www.reddit.com/r/gambling/comments/tdvd78/online_slots/,slots,Online slots
betway.com,https://www.reddit.com/r/braga/comments/1mzqqdu/restaurantes_com_servi√ßos_take_away/,tragamonedas,Restaurantes com servi√ßos Take Away
betway.com,https://www.reddit.com/r/Bogota/comments/1kmne8z/lugares_para_leer/,tragamonedas,Lugares para leer
betway.com,https://www.reddit.com/r/ecuador/comments/1mg4gt3/hice_un_mapa_de_tranvia_para_ambato/,tragamonedas,Hice un mapa de tranvia para Ambato
betway.com,https://www.reddit.com/r/ReviewsDeMerda/comments/1hxg01e/schoolboy_runaway/,tragamonedas,Schoolboy runaway
betway.com,https://www.reddit.com/r/AskArgentina/comments/y1uykk/rebelde_way/,tragamonedas,Rebelde way
betway.com,https://www.reddit.com/r/portugueses/comments/1llzzxr/contraprotesto_vamos_boicotar_tudo_o_que_√©/,ca√ßa-n√≠queis,"Contraprotesto: Vamos boicotar tudo o que √© takeway, restantes servi√ßos de estafeta e ubers desta vida."
betway.com,https://www.reddit.com/r/scambait/comments/1ilsflg/help_me_inundate_this_guy_kijiji_chequemovers_scam/,ca√ßa-n√≠queis,Help me inundate this guy  -Kijiji Cheque/Movers Scam
betway.com,https://www.reddit.com/r/guatemala/comments/1k05nk6/got_scammed_update_seeking_legal_assistance_in/,ca√ßa-n√≠queis,Got Scammed - Update & Seeking Legal Assistance in Quetzaltenango Regarding Business Dispute with GuateApps / WSG
betway.com,https://www.reddit.com/r/Panama/comments/1fmddr1/causeway_o_casco_viejo_primera_cita/,ca√ßa-n√≠queis,Causeway o Casco viejo (primera cita)
betway.com,https://www.reddit.com/r/Madeira/comments/1hsl642/4_free_tickets_for_telef√©rico_do_jardim_bot√¢nico/,ca√ßa-n√≠queis,4 free tickets for Telef√©rico do Jardim Bot√¢nico cable car
betway.com,https://www.reddit.com/r/chile/comments/1e0abw5/esta_wea_es_legal_o_es_estafa_en_toda_regla/,ca√ßa-n√≠queis,Esta wea es legal o es estafa en toda regla?
betway.com,https://www.reddit.com/r/Libri/comments/1f8igua/viaggio_in_occidente/,ca√ßa-n√≠queis,Viaggio in occidente
betway.com,https://www.reddit.com/r/Bozeman/comments/1l6j1hu/is_this_a_scam/,slotlar,Is this a scam?
betway.com,https://www.reddit.com/r/Scams/comments/1joagje/roadside_assistance_calls/,slotlar,Roadside assistance calls
betway.com,https://www.reddit.com/r/beneater/comments/1nb0a2a/address_line_troubles_6502_video_1/,slotlar,"address line troubles - 6502, video 1"
betway.com,https://www.reddit.com/r/Bankstraphunting/comments/1j66xie/found_a_bookend_full_radar/,slotlar,Found a bookend full radar.
betway.com,https://www.reddit.com/r/TriCitiesWA/comments/1i0t52d/scam_calls_claiming_to_be_benton_county_sherrifs/,slotlar,Scam calls claiming to be benton county sherrifs office.
betway.com,https://www.reddit.com/r/Bend/comments/1ldc0tz/flexibility_for_tourism_lodging_tax_dollars_hb/,slotlar,Flexibility for tourism lodging tax dollars - HB 3962
betway.com,https://www.reddit.com/r/WCasinoInsights/comments/1n1dm35/blackjack_strategies_arent_working/,blackjack,Blackjack strategies aren‚Äôt working!!!
betway.com,https://www.reddit.com/r/onlinegambling/comments/1hqrw3u/i_am_an_ex_online_casino_dealer_who_dealt/,blackjack,"I am an ex online casino dealer who dealt blackjack, roulette and baccarat. I am now a floor supervisor. AMA about the industry."
betway.com,https://www.reddit.com/r/blackjack/comments/1jpk5yq/just_had_the_most_absurd_online_blackjack_hand/,blackjack,Just had the most absurd online blackjack hand and had to share this madness
betway.com,https://www.reddit.com/r/WebGames/comments/1j6saht/i_made_a_blackjack_browser_game/,blackjack,I made a blackjack browser game
betway.com,https://www.reddit.com/r/fourkingscasino/comments/1i3vo3f/blackjack_is_a_terrible_now/,blackjack,Blackjack is a terrible now
betway.com,https://www.reddit.com/r/blackjack/comments/1ihda0i/where_can_i_find_videos_of_people_losing_at_the/,blackjack,Where can I find videos of people losing at the casino/blackjack table.
betway.com,https://www.reddit.com/r/fourkingscasino/comments/1k6pi5s/four_blackjacks_at_once_video_blackjack/,blackjack,Four blackjacks at once (Video Blackjack)
betway.com,https://www.reddit.com/r/ghostandpals/comments/1mq29ia/ghost_in_wplacevalencia_venezuela/,veintiuna,Ghost in Wplace(Valencia Venezuela)
betway.com,https://www.reddit.com/r/Yosemite/comments/1lkiqs7/fyi_bv425_is_not_approved_to_use_in_yosemite/,veintiuna,FYI: BV425 is NOT approved to use in Yosemite
betway.com,https://www.reddit.com/r/Virginia/comments/1k37l2d/stay_on_301_or_go_with_495_traveling_north_bound/,veintiuna,Stay on 301 or go with 495? Traveling north bound.
betway.com,https://www.reddit.com/r/roadtrip/comments/1jklt58/us_route_50_across_nevada/,veintiuna,US Route 50 across Nevada
betway.com,https://www.reddit.com/r/CarIndependentLA/comments/1hqd40u/how_reliable_is_the_metrolink_ventura_line_and/,veintiuna,How reliable is the Metrolink (Ventura line and Antelope Valley line)?
betway.com,https://www.reddit.com/r/bentonville/comments/1fq6qqj/fiveway_stop/,veintiuna,Five-way stop
betway.com,https://www.reddit.com/r/ebayuk/comments/1lkhge0/wheres_the_scam/,vinte-e-um,Where's the scam
betway.com,https://www.reddit.com/r/willhaben/comments/1l7axl6/ist_das_scam/,vinte-e-um,Ist das scam?
betway.com,https://www.reddit.com/r/willhaben/comments/1l71d46/ist_das_ein_scam/,vinte-e-um,Ist das ein Scam?
betway.com,https://www.reddit.com/r/willhaben/comments/1l35y5b/bezahlt_aber_nicht_abgeholt_scam/,vinte-e-um,"Bezahlt aber nicht abgeholt, scam?"
betway.com,https://www.reddit.com/r/vinted/comments/1hf0ft7/the_app_and_website_are_down_for_me_anyone_else/,vinte-e-um,"the app and website are down for me, anyone else having this problem? in birmingham if that helps"
betway.com,https://www.reddit.com/r/nederlands/comments/1m0gqty/alternatief_wetransfer/,vinte-e-um,Alternatief WeTransfer?
betway.com,https://www.reddit.com/r/Netherlands/comments/1kzwij3/albert_heijn_short_on_goods_part_ii_probable_scam/,vinte-e-um,Albert Heijn short on goods part II (probable scam)
betway.com,https://www.reddit.com/r/HiTMAN/comments/1l5893p/casino_roulette/,roulette,Casino Roulette
betway.com,https://www.reddit.com/r/peloton/comments/1m25wko/lotto_x_intermarch√©wanty_to_merge/,roulette,Lotto x Intermarch√©-Wanty to merge?
betway.com,https://www.reddit.com/r/gambling/comments/yayeh5/bet_not_allowed_on_roulette/,roulette,Bet not allowed on roulette?
betway.com,https://www.reddit.com/r/LittleRock/comments/1m6se6u/wayback_burgers_are_they_good/,ruleta,Wayback Burgers: Are they good?
betway.com,https://www.reddit.com/r/CellBoosters/comments/1jal9ft/weboost_drive_reach_overland_vs_drive_reach/,ruleta,weboost Drive Reach Overland vs Drive Reach
betway.com,https://www.reddit.com/r/southafrica/comments/1ii93ew/i_got_this_sms_earlier_today_and_it_seems_like/,ruleta,"I got this SMS earlier today, and it seems like Wanatu (the new ride-hailing app) is shutting down. As far as I know, they were still pretty new and trying to compete with Uber and Bolt. Would love to hear from anyone who has insight!"
betway.com,https://www.reddit.com/r/tulsa/comments/1mhnb4t/southbound_us75_ramp_to_westbound_i44_closed_for/,ruleta,Southbound US-75 ramp to Westbound I-44 closed for *two years* starting today.
betway.com,https://www.reddit.com/r/couriersofreddit/comments/1ichwsb/route4me_app_broken/,ruleta,Route4Me App Broken??
betway.com,https://www.reddit.com/r/running/comments/1k1e9da/strava_acquires_massively_popular_runna_app/,ruleta,Strava acquires massively popular Runna app
betway.com,https://www.reddit.com/r/ViaggiITA/comments/1kh2yv6/weroad_ne_vale_la_pena/,roleta,WeRoad: ne vale la pena?
betway.com,https://www.reddit.com/r/RedDeadOnline/comments/1hkejyj/everytime_i_try_an_online_mission_i_get_this_code/,roleta,Everytime I try an online mission I get this code and kicked out.
betway.com,https://www.reddit.com/r/lawnbowls/comments/1fosoa6/online_booking_systemapp/,roleta,Online booking system/app
betway.com,https://www.reddit.com/r/TeenagersITA/comments/1iurecq/bandite_questapp/,roleta,Bandite quest'app
betway.com,https://www.reddit.com/r/VentureXShoppingBonus/comments/1i5xepr/talkroute_miles_reversed_after_posting/,rulet,Talkroute miles reversed after posting...
betway.com,https://www.reddit.com/r/IsItIllegal/comments/1hdh6d1/is_wayback_machine_considered_publicly_available/,rulet,Is wayback machine considered publicly available information?
betway.com,https://www.reddit.com/r/Bozeman/comments/1km0bwc/avoid_interstate_west_bound/,rulet,Avoid interstate west bound
betway.com,https://www.reddit.com/r/newyork/comments/1kycdzz/buffalos_1_billion_cautionary_tale_for_baltimores/,rulet,Buffalo‚Äôs $1 billion cautionary tale for Baltimore‚Äôs ‚ÄòHighway to Nowhere‚Äô
betway.com,https://www.reddit.com/r/TheGetaway/comments/1fxpw06/getaway_remastered_via_runway_video_to_video/,rulet,GETAWAY REMASTERED... VIA RUNWAY VIDEO TO VIDEO
betway.com,https://www.reddit.com/user/ouellabi29/comments/1kwwxvu/best_offshore_poker_sites_according_to_reddit/,poker,Best Offshore Poker Sites According to Reddit?
betway.com,https://www.reddit.com/r/BayonneNJ/comments/1ktmnpe/poker_game_tonight_900pm/,poker,Poker game tonight 9:00pm
betway.com,https://www.reddit.com/r/BayonneNJ/comments/1k0s7sr/poker_game_friday_nights_in_north_jersey/,poker,Poker game Friday nights in North Jersey
betway.com,https://www.reddit.com/r/poker/comments/1duo9jl/which_poker_site_doesnt_suck/,poker,Which Poker Site doesn't suck?
betway.com,https://www.reddit.com/r/ChicagoSuburbs/comments/1i634nz/are_slot_machines_and_video_poker_establishments/,poker,Are slot machines and video poker establishments all over the place near you?
betway.com,https://www.reddit.com/r/ColumbiYEAH/comments/1fwwlex/poker/,poker,Poker?
betway.com,https://www.reddit.com/r/IndiaTech/comments/1lgn3h6/why_isnt_the_government_paying_attention_to_this/,p√≥ker,Why isn't the government paying attention to this? The government website is the home of betting sites listing.
betway.com,https://www.reddit.com/r/Researcher/comments/1l76viu/best_nongamstop_poker_sites_for_uk_players/,p√≥ker,Best Non-GamStop Poker Sites for UK Players
betway.com,https://www.reddit.com/r/conseiljuridique/comments/1mkgr8w/que_puisje_faire_l√©galement_concernant_la/,p√≥ker,Que puis-je faire l√©galement concernant la cyberattaque de Bouygues Telecom ?
betway.com,https://www.reddit.com/r/Manitoba/comments/1kxqz63/judge_orders_offshore_gambling_site_bodognet_to/,p√≥ker,Judge orders offshore gambling site Bodog.net to cease operations in Manitoba
betway.com,https://www.reddit.com/r/SouthJersey/comments/1lu5198/update_on_the_voorhees_bank_robbery_the_other_day/,p√≥ker,Update on the Voorhees bank robbery the other day
betway.com,https://www.reddit.com/r/GamblingAddiction/comments/15y2shf/site_to_block_gambling_site_on_phone_permanently/,p√≥ker,site to block gambling site on phone permanently
betway.com,https://www.reddit.com/r/Scams/comments/1mrjgki/us_odd_sidewalk_interaction_today_was_it_a_scam/,p√¥quer,[US] Odd sidewalk interaction today - was it a scam?
betway.com,https://www.reddit.com/r/beatles/comments/1nb0e17/hear_me_out_give_my_regards_to_broadstreet_is_my/,p√¥quer,Hear me out: ‚ÄúGive My Regards to Broadstreet‚Äù is my favorite movie
betway.com,https://www.reddit.com/r/barrie/comments/1l1rp2t/does_anyone_know_what_is_going_to_happen_to_the/,p√¥quer,"Does anyone know what is going to happen to the former OnRoute Travel Plaza in Maple, Ontario? (Southbound Highway 400, just north of Teston Rd). I drove by the other day and was shocked to see it closed.  It's the last stop before Toronto when driving from Barrie..."
betway.com,https://www.reddit.com/r/Beaumont/comments/1jjw5bt/our_roads_highways/,p√¥quer,Our Roads & Highways
betway.com,https://www.reddit.com/r/GenerationJones/comments/1n6002y/the_wayouts/,p√¥quer,The Wayouts
betway.com,https://www.reddit.com/r/Crypto_Affiliates/comments/1n0jb1o/wild_casino_review_honest_opinion_please/,live casino,Wild casino review? Honest opinion please.
betway.com,https://www.reddit.com/r/gambling/comments/1jn1bf5/any_one_plays_on_wild_casino_beware/,live casino,"Any one plays on wild casino ,beware"
betway.com,https://www.reddit.com/r/gambling/comments/1esq4bq/are_all_online_casino_websites_scam/,live casino,Are all online casino websites scam?
betway.com,https://www.reddit.com/r/GameStop/comments/1l7xrar/is_this_a_scam/,live casino,Is this a scam?
betway.com,https://www.reddit.com/r/Bogota/comments/1lf20we/betplay_estafa/,casino en vivo,Betplay estafa
betway.com,https://www.reddit.com/r/GamblingRecovery/comments/1kh95pi/two_weeks_free_from_internet_casino_devils/,casino en vivo,Two weeks free from internet casino devils
betway.com,https://www.reddit.com/r/empleos_AR/comments/1fvl84v/cajero_de_casino_online/,casino en vivo,cajero de casino online
betway.com,https://www.reddit.com/r/portugal/comments/1gbc31j/desabafo_casino_online/,casino en vivo,Desabafo Casino online
betway.com,https://www.reddit.com/r/CasualPT/comments/1j2n4lt/recebi_dinheiro_de_uma_estranha_no_mbway/,cassino ao vivo,Recebi dinheiro de uma estranha no MBWAY.
betway.com,https://www.reddit.com/r/ComentariosMelhores/comments/1ndvphg/deixa_o_cara_aproveitar_o_wifi_gratuitamente_kkk/,cassino ao vivo,Deixa o cara aproveitar o Wi-Fi gratuitamente kkk
betway.com,https://www.reddit.com/r/portugal/comments/1na36f3/telem√≥vel_perdido_roubado/,cassino ao vivo,Telem√≥vel perdido /roubado
betway.com,https://www.reddit.com/r/BrasilLostMedia/comments/1mobtmb/copa_2022_pela_caz√©tv_transmiss√µes_online/,cassino ao vivo,Copa 2022 pela Caz√©TV - Transmiss√µes Online
betway.com,https://www.reddit.com/r/InternetBrasil/comments/1mdr31j/o_que_significam_as_informa√ß√µes_do_lado_do_cabo/,cassino ao vivo,O que significam as informa√ß√µes do lado do cabo de rede?
betway.com,https://www.reddit.com/r/gamesEcultura/comments/1m521vx/coloquei_o_site_da_americanas_e_da_saraiva_no/,cassino ao vivo,Coloquei o site da americanas e da saraiva no Wayback Machine pra ver quanto custava jogos e consoles em 2011
betway.com,https://www.reddit.com/r/FuzeLeVrai/comments/1kydmms/normal_que_la_vid√©o_casino_nest_pas_public/,canlƒ± casino,Normal que la vid√©o casino n‚Äôest pas public ?
betway.com,https://www.reddit.com/r/TurkOyunSektoru/comments/1n53gau/roguelike_gambling_t√ºr√ºnde_oyun_geli≈ütiriyoruz/,canlƒ± casino,üé≤ Play smart and the house never wins
betway.com,https://www.reddit.com/r/Unity3D/comments/1n4k7eg/play_smart_and_the_house_never_wins/,canlƒ± casino,üé≤ Play smart and the house never wins
betway.com,https://www.reddit.com/r/vlandiya/comments/1mk2qzy/steam_sayfa_a√ßƒ±lƒ±mƒ±_kendi_yaptƒ±ƒüƒ±m_oyun_i√ßin_toll/,canlƒ± casino,"Steam sayfa a√ßƒ±lƒ±mƒ±, kendi yaptƒ±ƒüƒ±m oyun i√ßin. Toll Booth Sinulator"
betway.com,https://www.reddit.com/r/Turkey/comments/12vcr5f/hepsiburada_sitesine_illegal_bahis_sitelerindeki/,canlƒ± casino,Hepsiburada sitesine illegal bahis sitelerindeki oyunlardan geldi
betway.com,https://www.reddit.com/r/ankara/comments/o9rsua/casino_in_turkey/,canlƒ± casino,Casino In Turkey?
